Name,Slug,Description
Day Trips,day-trips,Tours that can be completed in a single day
Water Activities,water-activities,Tours involving water-based adventures
Desert Safari,desert-safari,Exciting tours through desert landscapes
Cultural Tours,cultural-tours,Tours focused on local culture and history
Adventure Activities,adventure-activities,Thrilling adventure experiences
Boat Tours,boat-tours,Tours on various types of boats
Snorkeling,snorkeling,Underwater exploration activities
Diving,diving,Deep sea diving experiences 